id,first_name,last_name,email,password
1,Halie,Schober,hschober0@latimes.com,PhU7Kb
2,Danya,Cardenas,dcardenas1@comsenz.com,UrL62Q1Jk
3,Thorndike,Locket,tlocket2@statcounter.com,K2UoM9zliF
4,Blondelle,Dawid,bdawid3@geocities.com,TEnyLZh7
5,Catrina,Varndell,cvarndell4@cpanel.net,ljBRzGyA5B
6,Maurise,Jedrachowicz,mjedrachowicz5@vistaprint.com,zlr3Gb
7,Ophelie,Gainfort,ogainfort6@github.io,IuJ24ntvC
8,Sampson,Ucchino,succhino7@globo.com,IGfBqvOXkbiT
9,Bell,MacNeilage,bmacneilage8@hexun.com,lVRpUbnT8A
10,Keary,Bourbon,kbourbon9@multiply.com,qPEdxwkgRqzx
11,Grange,Trattles,gtrattlesa@theguardian.com,MOxnxrWslPH
12,Shaine,Blose,sbloseb@unesco.org,A9n7g9rIx
13,Maye,Colquete,mcolquetec@cmu.edu,1jy6H6dBFYaJ
14,Sigmund,Dulton,sdultond@ebay.com,8jXqXeGgz
15,Dolores,Fallowes,dfallowese@feedburner.com,FvqHut
16,Roley,Balham,rbalhamf@slashdot.org,ZMdLvD
17,Vincent,Hanmer,vhanmerg@zdnet.com,rwq7NJ
18,Bord,Behr,bbehrh@g.co,YxGa1ql4
19,Tanya,Hansemann,thansemanni@ox.ac.uk,Ey40xvrbA
20,Junia,Eilles,jeillesj@economist.com,NhSRgcHr47wJ
21,Ginnifer,Walkingshaw,gwalkingshawk@multiply.com,fMKILDy1xiyw
22,Byram,Garroch,bgarrochl@ehow.com,CTdccEx
23,Xylia,Tilne,xtilnem@free.fr,BjK9WQcOk
24,Morganne,Pasterfield,mpasterfieldn@psu.edu,N0dNhT9
25,Enrika,Busst,ebussto@bandcamp.com,2mptxoA
26,Alyss,Vinall,avinallp@dmoz.org,PNf6MgUjnVGf
27,Afton,Corran,acorranq@buzzfeed.com,gkYG8Zup
28,Diana,Curry,dcurryr@whitehouse.gov,HDipafHV
29,Nelson,Beswetherick,nbeswethericks@shinystat.com,GnZT96V1
30,Jilli,Mapson,jmapsont@about.com,xhLW6tr0eDZU
31,Carena,Coggings,ccoggingsu@purevolume.com,H6y3a7
32,Frasco,Noton,fnotonv@guardian.co.uk,Nn7mQT
33,Pam,Dudney,pdudneyw@360.cn,obhVA5ea
34,Agnes,Heeney,aheeneyx@cam.ac.uk,cmWz0GKO
35,Giovanna,Bugbird,gbugbirdy@ihg.com,zVrbchwMrDeS
36,Ag,Gillott,agillottz@mashable.com,BJPgRgu00mN
37,Augustina,Shanklin,ashanklin10@tripadvisor.com,uicvvwCMj
38,Lynnett,Seilmann,lseilmann11@webnode.com,nHIbUE8Lnusl
39,Rutledge,Keighly,rkeighly12@sun.com,lT5bPyr6
40,Sydel,Cartan,scartan13@ed.gov,j7POYLfmswH
41,Robinetta,Winfindale,rwinfindale14@eventbrite.com,K3GgNc
42,Margareta,Augustus,maugustus15@pbs.org,xuYAkIO5SnnM
43,Vincenz,Farndon,vfarndon16@tripadvisor.com,jHl2oOWZzmc
44,Gasper,Acors,gacors17@google.de,79nDswerC
45,Benyamin,Brilleman,bbrilleman18@mapquest.com,0KeJt4OZu2
46,Annamarie,Benoi,abenoi19@google.es,4YPCdPO
47,Park,Mitten,pmitten1a@w3.org,TCtrkYRqnwqs
48,Gabrielle,Plait,gplait1b@theguardian.com,kLzh4Dx
49,Humfried,Bywater,hbywater1c@sphinn.com,K9mcqa
50,Retha,Copin,rcopin1d@mozilla.org,8a1BqoOu
51,Fey,Radoux,fradoux1e@google.it,qv9r1eU2
52,Ofelia,Warlawe,owarlawe1f@who.int,Ia5kQv1ANRW
53,Floria,Urrey,furrey1g@deliciousdays.com,x21qnQ
54,Pansy,Armatys,parmatys1h@ed.gov,z69uh32AqQ
55,Blanca,Baudic,bbaudic1i@reverbnation.com,cFP0USQRxYKL
56,Vittorio,Simons,vsimons1j@prnewswire.com,RuhmcLkM
57,Lyssa,Diamant,ldiamant1k@alibaba.com,zgGc3zzPk
58,Erika,Retchford,eretchford1l@telegraph.co.uk,XcIbiM0V
59,Ginnifer,Harbage,gharbage1m@google.it,5hzjEkZde85o
60,Lucais,Taye,ltaye1n@nhs.uk,AuthdfEI
61,Bill,Meriguet,bmeriguet1o@cnn.com,qt62GA
62,Amberly,Capewell,acapewell1p@ycombinator.com,IJzNIWI
63,Alfonse,Branchflower,abranchflower1q@plala.or.jp,z2lKUxsv
64,Kelcie,Tremble,ktremble1r@diigo.com,Hx6vd7uS
65,Nicolette,Goligly,ngoligly1s@jugem.jp,s4yhOpcBArq
66,Marcello,Premble,mpremble1t@artisteer.com,TNpB9x3NCP
67,Nerti,Yakobowitz,nyakobowitz1u@instagram.com,laCPwR
68,Wally,Oxton,woxton1v@mac.com,hI8YsEM
69,Guendolen,Elliff,gelliff1w@google.cn,9d3O0ezLPDz
70,Rebbecca,Woodison,rwoodison1x@webeden.co.uk,tOFcMIwpfz
71,Randell,Roust,rroust1y@wired.com,QeJJnAdwmlYc
72,Ramsey,Tomaszynski,rtomaszynski1z@eepurl.com,7RLV6d
73,Rickert,Brimilcome,rbrimilcome20@netlog.com,xH8SJ4I8
74,Starlin,Oswal,soswal21@1und1.de,JsPa4wLV
75,Lanie,Magovern,lmagovern22@spiegel.de,kDPtBhJJc6V
76,Claire,Mulryan,cmulryan23@hugedomains.com,KblqYsQjCp
77,Cloe,Sawle,csawle24@theglobeandmail.com,J78judKK7nb
78,Corabella,Brumham,cbrumham25@last.fm,rEqQs4zEo38M
79,Rebbecca,Willacot,rwillacot26@fotki.com,eSnKVmVXM1
80,Heall,Chern,hchern27@multiply.com,qCPvBpvxKk
81,Tiphanie,Riden,triden28@t-online.de,uydzem
82,Brandais,Graal,bgraal29@soup.io,hVsbr5fENs
83,Rad,Reasce,rreasce2a@ask.com,JJVl4rC
84,Reginald,Gulliver,rgulliver2b@nymag.com,pXiaxKPpg
85,Norry,Senior,nsenior2c@bandcamp.com,6jpn6HO4X
86,Loella,Dyne,ldyne2d@reverbnation.com,fyXFVvRaBg
87,Lothario,Phelps,lphelps2e@google.nl,DcoL8AWO
88,Theodosia,Iglesiaz,tiglesiaz2f@macromedia.com,GTAvuFj69V
89,Birdie,Guillem,bguillem2g@seattletimes.com,oEteHqe
90,Analiese,Walsham,awalsham2h@psu.edu,312fDXnU3B
91,Casar,Saer,csaer2i@dailymail.co.uk,5nL0QzITV
92,Marylee,Bartolomeoni,mbartolomeoni2j@si.edu,JgUHEZg
93,Heddie,Pibsworth,hpibsworth2k@seesaa.net,YeGj0wt4C
94,Ephraim,Rubens,erubens2l@cocolog-nifty.com,ULQjNF
95,Aleen,Scotchmore,ascotchmore2m@foxnews.com,naf1RN
96,Joice,Swaffer,jswaffer2n@flickr.com,yDE7EelN5i
97,Jordain,Ochterlony,jochterlony2o@ca.gov,F068zG
98,Emmeline,Zoren,ezoren2p@flickr.com,aKNLjBug66
99,Clarinda,Janning,cjanning2q@earthlink.net,B7F1v5mIq8W
100,Alfy,Sedgmond,asedgmond2r@furl.net,llN3x9
101,Tadio,Vicent,tvicent2s@ovh.net,pyvWqHkawY
102,Hailey,Gibard,hgibard2t@tripadvisor.com,XXTSdia8Cl
103,Lynnet,Addekin,laddekin2u@state.gov,tI64i44wO
104,Rosa,Seccombe,rseccombe2v@clickbank.net,Pf9W0WTLxK9
105,Devlin,Angric,dangric2w@umn.edu,A04Az3P
106,Hugues,Auchterlonie,hauchterlonie2x@prweb.com,6EtUcdOK4l
107,Tully,Antonijevic,tantonijevic2y@mac.com,kMt6qsrP
108,Ame,Leile,aleile2z@elegantthemes.com,0S74Y7fCklyY
109,Emily,Lewendon,elewendon30@istockphoto.com,sU6S5ySAw
110,Doralynne,King,dking31@shutterfly.com,vj7WIeu2NtWl
111,Nahum,Casterton,ncasterton32@hao123.com,FKYcx0PmO
112,Breanne,De Roberto,bderoberto33@quantcast.com,kTSZJh
113,Laurena,Lomansey,llomansey34@domainmarket.com,fos7myTzdw
114,Loraine,Vondrasek,lvondrasek35@amazonaws.com,vMrwlBi
115,Fae,Gamwell,fgamwell36@ted.com,pxE8Z4T
116,Norean,Rattray,nrattray37@netvibes.com,YWljM6L9aPn
117,Leoline,Haggis,lhaggis38@ucoz.ru,9vh9fxLD3F
118,Fidole,Matousek,fmatousek39@noaa.gov,7Gc2tD
119,Fanchon,Linsley,flinsley3a@timesonline.co.uk,RQRQbG
120,Hattie,Walczynski,hwalczynski3b@tuttocitta.it,OJxVVS9wp
121,Maxie,Hutchins,mhutchins3c@irs.gov,hGXmwDX2A
122,Les,Blesli,lblesli3d@wix.com,neViOikLrI
123,Erick,Sapey,esapey3e@jimdo.com,3IYA0heXTKTX
124,Wesley,Bickmore,wbickmore3f@go.com,r2qiDN9U6
125,Curran,Crudginton,ccrudginton3g@blogtalkradio.com,DLcUw3cSe
126,Cody,Hatherall,chatherall3h@google.fr,DVVx6QnoS8I
127,Dorena,Oxby,doxby3i@globo.com,fg2vJ6N
128,Whit,Seller,wseller3j@google.com,lNPh8wmKp
129,Jackson,Plum,jplum3k@ovh.net,oJZsM1Tj
130,Pauly,Mapston,pmapston3l@answers.com,uH9UkFeAOuO1
131,Faythe,Pendrick,fpendrick3m@gizmodo.com,dMV7EGzeC80d
132,Jacquenetta,Alessandretti,jalessandretti3n@hatena.ne.jp,dWWyfkn
133,Hortensia,Wride,hwride3o@simplemachines.org,AOkiY78TxF
134,Gert,Hawker,ghawker3p@deviantart.com,3fAMlB
135,Emmett,Tume,etume3q@bigcartel.com,NDCD130ymzgN
136,Coriss,Boughtwood,cboughtwood3r@addthis.com,DKK9gv
137,Byrom,Cussins,bcussins3s@toplist.cz,rQPXf3P8E
138,Teddie,Tong,ttong3t@washingtonpost.com,fdnuWuo0xbgL
139,Holly-anne,Korn,hkorn3u@odnoklassniki.ru,IOQ2k9rNY
140,Antonino,Shemmin,ashemmin3v@soundcloud.com,sK5rBY
141,Richard,Eustis,reustis3w@europa.eu,VBDoe245
142,Glennis,Hinstridge,ghinstridge3x@hp.com,YZPXhSNx
143,Rosie,Wincott,rwincott3y@hexun.com,ML2I6GdRmyd
144,Joete,Pitway,jpitway3z@reference.com,OjSr0i
145,Madelyn,Steynor,msteynor40@theglobeandmail.com,A4aRxhxAO
146,Murdock,Danilyuk,mdanilyuk41@google.ru,H1Z0079
147,Faustina,Radborne,fradborne42@imageshack.us,bEJsmauxfkF
148,Shandie,Brehaut,sbrehaut43@github.com,ETgOIeRioglI
149,Sullivan,Gimblet,sgimblet44@techcrunch.com,3EwbhMI
150,Aldis,Yakov,ayakov45@salon.com,gJQ8MUoyO
151,Oneida,McBayne,omcbayne46@shop-pro.jp,N2a4GM4
152,Saxon,Casina,scasina47@google.cn,GTV0wk
153,Tallia,Luckcock,tluckcock48@angelfire.com,jULcVMP
154,Chrisy,Vanyashkin,cvanyashkin49@blogger.com,t5Tq1Ua8Ju
155,Neila,Hourston,nhourston4a@mlb.com,4lLOtE1wIb
156,Ringo,Johnston,rjohnston4b@blogger.com,9dXUihvI
157,Brent,Barrus,bbarrus4c@ebay.co.uk,ZvjAhj5pGoRi
158,Mal,Lindeman,mlindeman4d@apple.com,WToq1kx
159,Arlene,Ewins,aewins4e@harvard.edu,UwxQqFq
160,Burlie,Acomb,bacomb4f@opensource.org,idc6hDC6
161,Anatola,Jell,ajell4g@scribd.com,c3ptIqpGr9d
162,Gal,Gullis,ggullis4h@kickstarter.com,ylFfcQ
163,Marlin,Gaspero,mgaspero4i@mlb.com,W2xBllno9V5
164,Ricki,Lopes,rlopes4j@1und1.de,xrcedIp
165,Lauren,Abethell,labethell4k@intel.com,eJgAt36ni
166,Ethelin,Heavyside,eheavyside4l@youtu.be,qnJnNtGyWYWU
167,Curcio,Noirel,cnoirel4m@youtube.com,xRSObWcNKvL
168,Idalina,Ready,iready4n@vk.com,kdqR0t
169,Guilbert,McKleod,gmckleod4o@gravatar.com,Sz4T4KR
170,Husein,Bealing,hbealing4p@networkadvertising.org,31CMknEgcx
171,Catha,Mart,cmart4q@nih.gov,CycNLXpe44M
172,Alika,MacKellen,amackellen4r@ebay.co.uk,QNP2BwYy
173,Nanci,Vellden,nvellden4s@msn.com,MQvVJaNw
174,Reinwald,Kisbee,rkisbee4t@bizjournals.com,muxMRC92Uacw
175,Florette,Seyffert,fseyffert4u@people.com.cn,8tj6C009flyM
176,Marcus,Cohen,mcohen4v@answers.com,vAcL7e
177,Hermie,Feeley,hfeeley4w@phpbb.com,xbcoacbnb5
178,Averil,Bartalucci,abartalucci4x@pcworld.com,gHYDEPQdr
179,Elaina,Meekin,emeekin4y@dailymail.co.uk,YkcinPfPUO
180,Amitie,MacArd,amacard4z@mediafire.com,AHILXEpk63Q3
181,Udall,Malling,umalling50@theguardian.com,ckzSPdE7m
182,Chan,Nunnerley,cnunnerley51@sbwire.com,Eve4BYvgfysB
183,Gustavo,Corro,gcorro52@dot.gov,IxKoh6HDdf
184,Shandie,Shilito,sshilito53@webnode.com,qqJiMu
185,Kaitlyn,Simukov,ksimukov54@yellowbook.com,JcmCRS
186,Karia,Greest,kgreest55@paypal.com,Ho4iDhpp
187,Eleonora,Divina,edivina56@baidu.com,T0On20
188,Field,Norwich,fnorwich57@oracle.com,t1EOJPi
189,Lindsay,Crinion,lcrinion58@creativecommons.org,QwRLlPAR
190,Armando,Cunningham,acunningham59@webnode.com,l9Zl3bNX9MIP
191,Ernst,Pulsford,epulsford5a@hostgator.com,leZ9Z0o
192,Giusto,Attride,gattride5b@ameblo.jp,bODzjA
193,Felicio,Haker,fhaker5c@berkeley.edu,owbScsm
194,Rahel,MacGlory,rmacglory5d@livejournal.com,OxJnzq8LumUx
195,Harlie,Tregenza,htregenza5e@about.com,sg1FOh
196,Zorana,Highwood,zhighwood5f@chronoengine.com,f8afFG
197,Amalia,Olesen,aolesen5g@baidu.com,D8mLa27K1Rwi
198,Aviva,Christofor,achristofor5h@ehow.com,2PALNzK
199,Stephenie,Galpen,sgalpen5i@linkedin.com,EdoDn4gwWNd
200,Griff,Wakeley,gwakeley5j@comcast.net,n4nF2PYF4r
201,Murray,Randles,mrandles5k@gov.uk,9LzNncZ1U
202,Ricky,Blackaller,rblackaller5l@vinaora.com,HqCMZ46
203,Cary,Starton,cstarton5m@nature.com,06qYqz4
204,Ewell,Wolters,ewolters5n@irs.gov,Fu9nUO
205,Niall,McCrainor,nmccrainor5o@elegantthemes.com,8RtoMkB0
206,Jolie,MacArthur,jmacarthur5p@slate.com,LbBiSIwl
207,Arlin,Haacker,ahaacker5q@bluehost.com,lBVcaFinN
208,Dania,Back,dback5r@engadget.com,VzBorwQOM
209,Stormie,Jeacop,sjeacop5s@furl.net,6lvlTAJSXEn
210,Roscoe,Hiner,rhiner5t@wired.com,CkvR3enArCl
211,Joyann,Blenkhorn,jblenkhorn5u@hugedomains.com,Q8yPnEA
212,Nataline,Hedditch,nhedditch5v@woothemes.com,KMyW61iC
213,Midge,Beeho,mbeeho5w@rakuten.co.jp,rPpgf2h
214,Alasdair,Bosworth,abosworth5x@amazonaws.com,c6I6MHsOJ9UQ
215,Corri,Barratt,cbarratt5y@google.ru,4wlbs630Rg
216,Corly,Birbeck,cbirbeck5z@japanpost.jp,QEhROFIAmI
217,Deane,Drei,ddrei60@adobe.com,pYTvNAPg
218,Sol,Huckel,shuckel61@amazon.de,2SwInKd3
219,Aubrette,McInteer,amcinteer62@google.com.au,9AdKXnFPn85e
220,Temp,Klauber,tklauber63@bbb.org,rj3yyxKBP1Rp
221,Davine,Cheers,dcheers64@jugem.jp,1tUUEjrC
222,Cyrillus,Fulham,cfulham65@fotki.com,9h0WuHZmQS7
223,Therese,Kinch,tkinch66@illinois.edu,49PUivlVlm
224,Karia,Anster,kanster67@uol.com.br,eBChYI9rcIy7
225,Merrile,Firman,mfirman68@huffingtonpost.com,69nqaalkWD
226,Mariam,Maggiore,mmaggiore69@aol.com,E2Gy9i
227,Coretta,O'Hannen,cohannen6a@addthis.com,S1senMZrZv
228,Jacki,Goodhall,jgoodhall6b@skyrock.com,i6ltA4
229,Mariska,Capey,mcapey6c@admin.ch,9m4F3xsAG6
230,Corri,Scamerden,cscamerden6d@yellowbook.com,7wi6lTqAclHA
231,Lenee,Matschke,lmatschke6e@smugmug.com,XRGAWFd
232,Harbert,Zemler,hzemler6f@ibm.com,qFWlLc01XVxr
233,Jillie,Sabatier,jsabatier6g@unblog.fr,ILnUZ1ThLX
234,Jenica,McAlinden,jmcalinden6h@princeton.edu,mIA8PzMb39
235,Cheryl,Escritt,cescritt6i@examiner.com,TgYEsyqvH
236,Ellyn,Runcie,eruncie6j@barnesandnoble.com,QOpB7g0
237,Cookie,Tumility,ctumility6k@wp.com,Fgkd7bgk2kc
238,Konstantin,Maypes,kmaypes6l@exblog.jp,rNAPiGyuC9
239,Ines,Dashkov,idashkov6m@bbc.co.uk,mp6h2sU
240,Gigi,Cockcroft,gcockcroft6n@opera.com,aYOOSvFIaY
241,Siegfried,Kunze,skunze6o@dedecms.com,pM8Ma71
242,Natividad,Dicty,ndicty6p@va.gov,byrp572DtS
243,Putnem,Iianon,piianon6q@utexas.edu,WHTy3P
244,Jada,Zarfati,jzarfati6r@washington.edu,eSNYqYj0
245,Angeline,Etienne,aetienne6s@buzzfeed.com,Tc2ETc0v
246,Chrisse,Breddy,cbreddy6t@indiatimes.com,ih9dAtacGx8o
247,Angelina,Nesey,anesey6u@samsung.com,WjvQjziMrcFg
248,Holmes,Colvill,hcolvill6v@nbcnews.com,g5NdNVD
249,Gunilla,Robertet,grobertet6w@vistaprint.com,Uu6rSvfjpf1
250,Burr,Velte,bvelte6x@archive.org,Ah7dJLp3TKe
251,Fonz,Bisco,fbisco6y@1und1.de,Gt09FhHF1
252,Amargo,Cavey,acavey6z@tmall.com,5oKvVfLmRN0l
253,Clair,Hann,chann70@adobe.com,FgyHKDN7O
254,Jacki,Lawson,jlawson71@g.co,ldgMv1UEJOl
255,Avrit,Anfonsi,aanfonsi72@networkadvertising.org,4jHHcBkaf
256,Gregorio,Keates,gkeates73@go.com,yUv8WWTiDWvX
257,Toma,Spuffard,tspuffard74@google.com,QSrxEq3bPZom
258,Giorgio,Ternent,gternent75@lycos.com,sE1eorAnok
259,Wanids,Riddall,wriddall76@gov.uk,AGStMD0
260,Siana,Trittam,strittam77@meetup.com,ZpHOzq8rh
261,Billy,Stollberg,bstollberg78@miitbeian.gov.cn,PTY3iH6x62
262,Normand,Krzyzanowski,nkrzyzanowski79@techcrunch.com,8AXcelxOy
263,Clive,Battleson,cbattleson7a@diigo.com,CKnuHiezF
264,Charlena,Skillanders,cskillanders7b@themeforest.net,AbcEaZOCtAr
265,Fredric,Gildersleaves,fgildersleaves7c@baidu.com,AGlmRc
266,Olwen,Elmhirst,oelmhirst7d@constantcontact.com,djnN5un0DvJC
267,Peggi,Gyves,pgyves7e@google.com.au,yYlUFS
268,Margaretha,Nickless,mnickless7f@telegraph.co.uk,1o2Lie
269,Shirlene,Oxbe,soxbe7g@wunderground.com,8WaWiVjqrEV
270,Othilie,Heape,oheape7h@redcross.org,OagKGV7mmu
271,Leelah,Akred,lakred7i@hao123.com,utLrmcWG
272,Kessia,Yeskov,kyeskov7j@bbb.org,SYiuRz88Ae
273,Ray,Burles,rburles7k@unesco.org,WOijIixCnR
274,Brittney,Calafate,bcalafate7l@umn.edu,13vjAu
275,Venita,Kleinberer,vkleinberer7m@opera.com,mdQDlx
276,Jessamyn,Poyzer,jpoyzer7n@weibo.com,LmIIy3bGK
277,Ileane,Growcott,igrowcott7o@hibu.com,Hh154l
278,Bel,Coenraets,bcoenraets7p@list-manage.com,h1GXrC
279,Missie,Iskowicz,miskowicz7q@biblegateway.com,l7HMTwP
280,Blane,Vernall,bvernall7r@fema.gov,WjAczZGe80rR
281,Odetta,Padilla,opadilla7s@ebay.co.uk,5XmyvCqf7ilo
282,Nikita,Lemoir,nlemoir7t@themeforest.net,nbAdZOCWlQV
283,Melodee,Dumper,mdumper7u@mysql.com,MQiGk2p
284,Robert,Southers,rsouthers7v@weebly.com,bwitZl
285,Chicky,New,cnew7w@patch.com,EaanHNw8
286,Lusa,McNutt,lmcnutt7x@washingtonpost.com,98NlHZ
287,Clem,Mordey,cmordey7y@senate.gov,vGdDcvIA3
288,Bengt,McOrkil,bmcorkil7z@nyu.edu,1c91hvm
289,Gabbie,Fries,gfries80@furl.net,pMEJ42Y3FJC7
290,Griswold,Kalewe,gkalewe81@msn.com,FbuFzyV
291,Alexandra,Manntschke,amanntschke82@timesonline.co.uk,HQbMZmPM
292,Maisie,Clampett,mclampett83@mac.com,XnwyHPYK1
293,Christie,Galle,cgalle84@omniture.com,jzwlAHFBrwg
294,Montgomery,Yaxley,myaxley85@independent.co.uk,hmZHGM
295,Rebecca,Folbigg,rfolbigg86@unesco.org,SVRIiVB
296,Rozelle,Relph,rrelph87@netlog.com,kZqpU00
297,Poul,Stancer,pstancer88@imdb.com,ZDCgcPQU4OQ
298,Blanche,Brusin,bbrusin89@de.vu,CWS0zAM
299,Gottfried,Rooke,grooke8a@ebay.co.uk,CmvHE3i
300,Helli,Toffel,htoffel8b@pagesperso-orange.fr,vpXUDS
301,Elvyn,Helling,ehelling8c@etsy.com,WWnOku7TNrs
302,Sheelagh,Ainslee,sainslee8d@dailymail.co.uk,brHdhYEJw
303,Cookie,Trodd,ctrodd8e@mashable.com,A0WIpFrkK
304,Ertha,MacKomb,emackomb8f@homestead.com,2TcxBr
305,Kathryn,MacDunleavy,kmacdunleavy8g@csmonitor.com,YGr5nR0
306,Augusto,Giacomini,agiacomini8h@fastcompany.com,oC3QCaZxbI
307,Ola,Heddy,oheddy8i@ocn.ne.jp,MKOEE5xYU3p
308,Elvira,Bootyman,ebootyman8j@twitter.com,3272qxV1
309,Doti,Ragles,dragles8k@economist.com,ZdS7jgozLs2
310,Addie,Eton,aeton8l@washingtonpost.com,iKnhhJjZey
311,Livy,Collick,lcollick8m@yahoo.co.jp,5OTkifrMmjQ
312,Blanca,Colleford,bcolleford8n@xing.com,TBrNuCytypke
313,Clemens,McQueen,cmcqueen8o@utexas.edu,qeG0v0
314,Dew,Noakes,dnoakes8p@bandcamp.com,BKQ709mo
315,Olenka,Brosenius,obrosenius8q@accuweather.com,vHVJkKHQG
316,Neill,Rowett,nrowett8r@xinhuanet.com,XP9DFGsiK
317,Nadia,Metzig,nmetzig8s@stanford.edu,nXIpVB0BBuu
318,Caddric,Manzell,cmanzell8t@state.tx.us,lavlIvWqHa
319,Lyndsie,Horsted,lhorsted8u@hhs.gov,89th7v
320,Ad,O' Shea,aoshea8v@diigo.com,gaXZ4pb3B3V
321,Catherine,Whipple,cwhipple8w@arstechnica.com,5Zs0lxhaR5FP
322,Francesco,Perford,fperford8x@people.com.cn,9LkyurTcQOUo
323,Berke,Weightman,bweightman8y@qq.com,posuXY
324,Hanna,MacNeely,hmacneely8z@ucla.edu,RkkTYIj
325,Agretha,Mager,amager90@i2i.jp,W5GQIKICn8tW
326,Wells,Noble,wnoble91@usatoday.com,orpENT4qP60
327,Udell,Dishman,udishman92@unicef.org,7pMYFLWIu7v2
328,Sheila,Jaray,sjaray93@google.pl,3WUWmxM3uFP
329,Candis,Fedder,cfedder94@about.com,E42Qs6
330,Ashla,Crankshaw,acrankshaw95@discuz.net,AWCR0NmhK3
331,Kelsi,Papps,kpapps96@boston.com,o8p2uCLG
332,Freida,Pods,fpods97@zdnet.com,tGCyCMT5FR7u
333,Neville,Vlach,nvlach98@latimes.com,RlCSuz
334,Rani,Edgerton,redgerton99@usgs.gov,rOZ6IwT0W
335,Huntley,Clohessy,hclohessy9a@zimbio.com,f6TXSij
336,Clarie,Andersson,candersson9b@digg.com,Ak3CaZ87Xx
337,Carmella,Palek,cpalek9c@japanpost.jp,sV0FWyFp
338,Gage,Bowart,gbowart9d@va.gov,HIAwkfy6s
339,Babita,Annand,bannand9e@msu.edu,CaXYBKffa
340,Brodie,Fulleylove,bfulleylove9f@usatoday.com,xWPSev
341,Kellie,Christon,kchriston9g@yolasite.com,wwHQ025
342,Thaddeus,Pally,tpally9h@comsenz.com,JX26VK5R
343,Clint,Wintle,cwintle9i@wikia.com,Eyfx821
344,Ring,Tripean,rtripean9j@cornell.edu,Co8SU9zf
345,Carley,Tidcomb,ctidcomb9k@icq.com,hZXFIzr
346,Kally,Lindenbluth,klindenbluth9l@com.com,q69PkrX
347,Shadow,Jerson,sjerson9m@yolasite.com,rcCJ9CQU
348,Lena,Dene,ldene9n@businessinsider.com,d4eocNom
349,Farrel,Stopher,fstopher9o@aboutads.info,bOmzepS
350,Rica,Winslow,rwinslow9p@ihg.com,3a98Ysg
351,Ronda,Delamere,rdelamere9q@wiley.com,xtdLpQO
352,Melania,Geraudel,mgeraudel9r@yahoo.co.jp,8ilx1ijP
353,Myrtia,Trolley,mtrolley9s@yandex.ru,aGo7wbGV
354,Shaina,Bensusan,sbensusan9t@sourceforge.net,JQUvh9pccO
355,Roma,Koppke,rkoppke9u@utexas.edu,UYLLgPbJkBB
356,Cyndi,Stadding,cstadding9v@boston.com,lw1PiVa
357,Josi,Demeter,jdemeter9w@un.org,xaHC5kht24gN
358,Adiana,Wykes,awykes9x@tinyurl.com,6YqpWW5KMO
359,Dore,MacAlister,dmacalister9y@themeforest.net,9xvdZr
360,Carlota,Chivers,cchivers9z@xing.com,AtyohHQW
361,Illa,Akehurst,iakehursta0@simplemachines.org,inuMQjxy
362,Skippy,Klinck,sklincka1@cafepress.com,m2v5q73XPHdg
363,Heddi,Sicily,hsicilya2@bluehost.com,agxSIPN
364,Brina,Stockman,bstockmana3@wix.com,T4PqQV6CW8
365,Nada,Ahlin,nahlina4@prlog.org,dJhaLbBo
366,Elwyn,Ivic,eivica5@hugedomains.com,VNiSLPyZ
367,Levy,Cheng,lchenga6@oakley.com,9aisuq
368,Ines,Colenutt,icolenutta7@prlog.org,LTfAkKn
369,Evan,Janout,ejanouta8@vk.com,eTjdjIRx2eu
370,Mar,Purple,mpurplea9@psu.edu,HviZH6J
371,Patricia,Pantling,ppantlingaa@wsj.com,SvVVIl
372,Billie,Hessel,bhesselab@nasa.gov,o6cl8K2N3Og
373,Dian,Manilow,dmanilowac@army.mil,Y1bzBvUc2tE
374,Neala,Pagelsen,npagelsenad@mapquest.com,NYZ4yml
375,Malorie,Jerok,mjerokae@friendfeed.com,mrDc5Ht2q
376,Tomi,Wildbore,twildboreaf@xinhuanet.com,npS7A3erJH
377,Clayton,Webben,cwebbenag@posterous.com,ncQjK6Js
378,Kippie,Emilien,kemilienah@apple.com,BAugu33mmTK
379,Jimmie,Scurrah,jscurrahai@about.com,7kbnsxKZw4op
380,Josy,Maclean,jmacleanaj@booking.com,RMKX6Y2IV
381,Ernaline,Tunnadine,etunnadineak@kickstarter.com,xD63Lz
382,Aime,Rubens,arubensal@microsoft.com,i7jsNVD3W
383,Godiva,Kem,gkemam@free.fr,LgYmH9sWKU
384,Caril,Housby,chousbyan@forbes.com,QWhwmb0W
385,Evania,Fernanando,efernanandoao@is.gd,9rRrDxIP
386,Catharina,Guinnane,cguinnaneap@blogger.com,KSCXRDo7XM4
387,Henryetta,Rook,hrookaq@china.com.cn,q6wwfrIWH
388,Roldan,Brennans,rbrennansar@usda.gov,4lbFlIde
389,Berget,Rexworthy,brexworthyas@feedburner.com,pk6YGg
390,Travers,Guyton,tguytonat@myspace.com,5Hw5uMT
391,Gussie,Knutsen,gknutsenau@360.cn,bE4nX00FkJ1
392,Caty,Le feaver,clefeaverav@msn.com,IIGExJAEUqp
393,Auberta,Reglar,areglaraw@ucla.edu,ok5hWWi
394,Amalie,Shildrick,ashildrickax@eepurl.com,EXGJAoH83wt8
395,Tedra,Castagnasso,tcastagnassoay@gnu.org,gwXdWvMzN
396,Odelle,Roadnight,oroadnightaz@jigsy.com,eEm5ZBLGvgX6
397,Shirley,Simkovich,ssimkovichb0@nyu.edu,sE0PuRyscz
398,Patricio,Gadsby,pgadsbyb1@nasa.gov,qIo9AzEE
399,Noah,Arkil,narkilb2@newyorker.com,e5BenSXCE
400,Earvin,Seide,eseideb3@yellowpages.com,JmAuGyaq
401,Victoria,Boni,vbonib4@1688.com,OFbzJrCkSK
402,Simonette,Belcher,sbelcherb5@mediafire.com,lRJdZorjk0Tz
403,Darby,Riccard,driccardb6@a8.net,jfbllRyUp
404,Milty,Benjafield,mbenjafieldb7@msn.com,h8KLaLe8wji
405,Austen,Fremantle,afremantleb8@harvard.edu,G33rHO
406,Katusha,Raphael,kraphaelb9@youtube.com,pOo0fhj
407,Burk,Smithe,bsmitheba@sciencedaily.com,WyFCq78nwe
408,Rebecka,Finey,rfineybb@narod.ru,eidLvqetqE
409,Trisha,Houselee,thouseleebc@cdc.gov,WESG9ijQt
410,Cherrita,Jeakins,cjeakinsbd@geocities.jp,sYL1n23hIzA
411,Yasmeen,Gavahan,ygavahanbe@princeton.edu,N2zfXK
412,Fianna,Dissman,fdissmanbf@reference.com,y0ogQvOO
413,Trixie,Belham,tbelhambg@moonfruit.com,Z06XidRd1q
414,Lindsey,Haseman,lhasemanbh@miibeian.gov.cn,75x3cPdkGT
415,Meridith,Ucchino,mucchinobi@cocolog-nifty.com,ICBBcuwH1
416,Erskine,Huriche,ehurichebj@ustream.tv,gB6OgRe0Ip
417,Wake,Diggens,wdiggensbk@patch.com,WRs0Qf4Atgn
418,Husain,Toma,htomabl@gravatar.com,daPj7wBAm
419,Kacey,Quainton,kquaintonbm@cbslocal.com,BSfYvLFTK9
420,Bethina,Fradson,bfradsonbn@godaddy.com,LiKyfUAgqLU
421,Gibby,MacDiarmond,gmacdiarmondbo@sciencedaily.com,OCsZUrXG
422,Alma,Magnus,amagnusbp@joomla.org,nur7M3H
423,Barb,Noyce,bnoycebq@furl.net,PDzZnyuRjU
424,Harmonie,Dabling,hdablingbr@dedecms.com,VGvmk1ETolx
425,Julia,Engel,jengelbs@hc360.com,OX0qSmtQ2S
426,Burton,Hollebon,bhollebonbt@clickbank.net,dMYhe8H
427,Rosabelle,Shergill,rshergillbu@google.com,hJcli3
428,Cordey,Varey,cvareybv@state.tx.us,CKhhL1eEt
429,Gib,Ferriere,gferrierebw@zdnet.com,GOH9kGsBLa04
430,Jayme,Kirwan,jkirwanbx@techcrunch.com,Vsz7nZtS
431,Tremain,Claige,tclaigeby@prweb.com,oqnJjODkqw
432,Darby,Cissell,dcissellbz@google.co.uk,Qjaf2gz
433,Ermanno,Eustace,eeustacec0@vimeo.com,WEuGjaLgwekr
434,Rupert,Palser,rpalserc1@tripadvisor.com,mZwKCCHs5Og8
435,Gregor,Catterill,gcatterillc2@ftc.gov,d9EwfP7smpD
436,Fionnula,O'Hannigan,fohanniganc3@admin.ch,ubtBavigJt
437,Rafa,Moizer,rmoizerc4@economist.com,RQcROP0nvQht
438,Ode,Shellsheere,oshellsheerec5@wiley.com,ckOdsu
439,Thedrick,Wiseman,twisemanc6@columbia.edu,S34zinTV
440,Antonino,Covell,acovellc7@amazon.co.uk,qxpdY5SaQ5Cp
441,Gwendolyn,Trays,gtraysc8@w3.org,roOCD6VRYvK
442,Miltie,Meekin,mmeekinc9@csmonitor.com,zfxlR7ti48
443,Moore,Yvens,myvensca@scribd.com,wc8LRiso9
444,Van,Ebbett,vebbettcb@netscape.com,cFYZTXUw
445,Herrick,Heggison,hheggisoncc@phpbb.com,BZiuDXidWq5
446,Prentice,Nornasell,pnornasellcd@domainmarket.com,Ir20jL
447,Gilberte,Abbe,gabbece@sciencedirect.com,ghWaFMhn
448,Cyndi,Kimbury,ckimburycf@mlb.com,4UBLgz3OSMm
449,Phil,Eyam,peyamcg@addthis.com,N0ZxDcWSMi
450,Solomon,Roose,sroosech@aboutads.info,56e125466PL
451,Stacie,Iceton,sicetonci@newyorker.com,qTKwfP
452,Emeline,Latimer,elatimercj@dot.gov,THnooWHkGN8c
453,Quentin,Olney,qolneyck@booking.com,IGOeZ1
454,Marguerite,Glencross,mglencrosscl@about.me,7YjvikvgJPws
455,Caresse,Gobeaux,cgobeauxcm@seattletimes.com,HmXSoKlDR
456,Inglebert,Olivelli,iolivellicn@nsw.gov.au,AWVQZIF
457,Gabrila,Burmingham,gburminghamco@storify.com,vEcGBYT3c1
458,Modesta,Knapper,mknappercp@gnu.org,3xL2ilyJO
459,Alain,Ewings,aewingscq@google.nl,qSV8IZNYRW
460,Anissa,Itzakovitz,aitzakovitzcr@paypal.com,OGAPPWLJbx
461,Yvonne,Youles,yyoulescs@rakuten.co.jp,bH8S2NakQ
462,Rob,Giacaponi,rgiacaponict@cbc.ca,2hIvawdDuvqA
463,Libbi,Cortnay,lcortnaycu@businessweek.com,3nITHlQ3vQP
464,Bartholomeus,Culbert,bculbertcv@tmall.com,TKSPflJRK
465,Ly,Cremin,lcremincw@state.gov,H5qzdGD2cM
466,Klarrisa,Filov,kfilovcx@sakura.ne.jp,SdOqEP
467,Arni,Charlson,acharlsoncy@homestead.com,Qv340JJSC9
468,Katy,Fowlston,kfowlstoncz@imageshack.us,7MXpY6mqOJP
469,Tamara,Gormley,tgormleyd0@china.com.cn,NOnBFWjF
470,Zachary,Cinelli,zcinellid1@marketwatch.com,eYJ7K3sy25Hz
471,Juieta,Jain,jjaind2@census.gov,Qwhoog
472,Rafaellle,Wilder,rwilderd3@scribd.com,QvF14nf7
473,Nolan,Janicijevic,njanicijevicd4@china.com.cn,dAnKaZ2p
474,Rhett,Shoebrook,rshoebrookd5@bing.com,9qR0h3F7g
475,Jamie,Klagge,jklagged6@gnu.org,aVM6yYIhJ3V
476,Clywd,Teesdale,cteesdaled7@facebook.com,wrJoqW0Y
477,Vale,Crossthwaite,vcrossthwaited8@addtoany.com,pp6bWAQWGIVJ
478,Louise,Fortey,lforteyd9@goo.ne.jp,NGVyqD4zu
479,Anne,Haddick,ahaddickda@mysql.com,ocn32PWny2p
480,Rooney,Sweetland,rsweetlanddb@chronoengine.com,192L3D5ED6
481,Baxie,Gowdy,bgowdydc@jigsy.com,oiJGAjDa3v
482,Sherwood,Tumility,stumilitydd@psu.edu,hMJuNJSd4J0K
483,Aubree,Clausen,aclausende@blinklist.com,eUjL68nqv8
484,Harland,Ready,hreadydf@reuters.com,PXjk5Lh
485,Barclay,Wattisham,bwattishamdg@mysql.com,Kq4l8f
486,Gert,Snawden,gsnawdendh@umich.edu,OFNXUeOJ
487,Lanita,Brogini,lbroginidi@studiopress.com,5bYHFS2EVtQ
488,Cordy,Fackney,cfackneydj@over-blog.com,6dCRQG5
489,Kora,Conboy,kconboydk@homestead.com,hE599C
490,Torrey,McGowing,tmcgowingdl@miibeian.gov.cn,Es1mQh1eS
491,Rowan,Amesbury,ramesburydm@flavors.me,3CrnRAYHnZB
492,Lazar,Troyes,ltroyesdn@alibaba.com,7vkuM7
493,Ward,Bonsul,wbonsuldo@smugmug.com,lxqqK2blS
494,Hershel,Rentcome,hrentcomedp@photobucket.com,S3UxZ0FbuTPZ
495,Gertrude,Adams,gadamsdq@irs.gov,CWna7baAYO
496,Esdras,Fernley,efernleydr@youku.com,PVq4LPrSC
497,Margie,Carlan,mcarlands@cnbc.com,wDTjgY
498,Gwendolin,Abbati,gabbatidt@toplist.cz,OStzIUea
499,Gillian,Santo,gsantodu@mlb.com,E3HM0RAegV
500,Roxy,Millier,rmillierdv@bravesites.com,Nk6OSAxmQ
501,Angie,Sheardown,asheardowndw@ted.com,MD1JjAAP
502,Clevie,Winkett,cwinkettdx@nature.com,3iys6EKFo7bP
503,Rowe,Crosfield,rcrosfielddy@reddit.com,u8lwBVp4hniE
504,Yuma,Marusyak,ymarusyakdz@upenn.edu,0kxpxKPVK
505,Rubie,Berrisford,rberrisforde0@indiatimes.com,XFenvkzIHSG
506,Laughton,Christoforou,lchristoforoue1@fema.gov,wsU6HnUtsw86
507,Jermayne,Dinnington,jdinningtone2@gmpg.org,zt13TC
508,Catherin,Dewett,cdewette3@furl.net,fkvzWXNRh
509,Skip,Dybell,sdybelle4@geocities.jp,XCh9InFtd
510,Rafael,Harnetty,rharnettye5@reuters.com,fWWj0H2op
511,Nikolia,Collingworth,ncollingworthe6@tripod.com,LbSSMW7Z
512,Johan,Ferronier,jferroniere7@whitehouse.gov,Kzm0LGEI
513,Dean,Wildor,dwildore8@soundcloud.com,L4TDd36
514,Dayna,D'orsay,ddorsaye9@unicef.org,bNdqUK
515,Cate,Griffithe,cgriffitheea@altervista.org,yjBLeq94
516,Frazier,Dunklee,fdunkleeeb@elpais.com,QJZojXdZ4eu
517,Philis,Spellward,pspellwardec@google.it,xw0Kfe7
518,Leonard,Horrigan,lhorriganed@si.edu,OVnoqCXT
519,Sax,Straughan,sstraughanee@opensource.org,G0wFEtFHV5A
520,Simeon,Pooley,spooleyef@spiegel.de,6vIMnLJXKRWX
521,Sela,Boltwood,sboltwoodeg@uiuc.edu,84YbQN2VCN
522,Eben,Waterhous,ewaterhouseh@google.fr,gBL8JHY
523,Janella,Levington,jlevingtonei@census.gov,dYjrtZ5bQN
524,Ashlee,Bodham,abodhamej@shop-pro.jp,9p76EH
525,Trstram,Martinets,tmartinetsek@wordpress.com,y0eXaiMGBw
526,Dosi,Probet,dprobetel@chron.com,hgWrfXfg
527,Valle,Yelden,vyeldenem@nasa.gov,FCkR4RG
528,Stefanie,Yukhnevich,syukhnevichen@pen.io,HWJBDPC2dSRW
529,Stephanus,Crutchley,scrutchleyeo@topsy.com,T3l7iIeh5ipA
530,Harriett,Gracey,hgraceyep@wikispaces.com,FVbJ5Aqx
531,Deerdre,MacArd,dmacardeq@house.gov,ToJqzigQuz
532,Susette,Nisco,sniscoer@woothemes.com,njaTcQoDGJTx
533,Cayla,Sellers,csellerses@soundcloud.com,fJriWdXYmTxC
534,Tremaine,Sottell,tsottellet@gov.uk,C2BKNtrTdij
535,Isabeau,Janssen,ijansseneu@virginia.edu,KpXQXseC
536,Fred,Greatorex,fgreatorexev@wsj.com,PvpNpnGsfv
537,Ray,Sparway,rsparwayew@arstechnica.com,olCEYz1xK3r
538,Morgen,Smorthit,msmorthitex@army.mil,b3Q6mSpglr
539,Trude,Daughtry,tdaughtryey@arstechnica.com,fcYWKs
540,Albrecht,Skyppe,askyppeez@miitbeian.gov.cn,XgmIXnn0CtF
541,Adiana,Hallows,ahallowsf0@people.com.cn,KeqGgOs2a
542,Edd,Fellos,efellosf1@wordpress.com,clym8zH
543,Daisie,Mylan,dmylanf2@yale.edu,jkHSMDoAkOf
544,Karalynn,Dengel,kdengelf3@cbc.ca,1ZffRLf
545,Debee,Robertazzi,drobertazzif4@canalblog.com,0BAAit2sX3mU
546,Tabbitha,Barbe,tbarbef5@webnode.com,nIP6UC1uaj
547,Tarah,Skippon,tskipponf6@multiply.com,CUs5flHI7
548,Gena,Purse,gpursef7@bluehost.com,4baQKiKjWc
549,Ingunna,Assante,iassantef8@flavors.me,33jjzVjXiudy
550,Tybi,Croose,tcroosef9@dot.gov,GR87ybTg
551,Kristien,Heinonen,kheinonenfa@devhub.com,f9RGYotdj38
552,Gilly,Stripling,gstriplingfb@moonfruit.com,AAU26IahXBG
553,Malvina,Clingoe,mclingoefc@istockphoto.com,W5GtkImzaFvO
554,Loutitia,Earengey,learengeyfd@creativecommons.org,SPJt9m8zDBN
555,Roshelle,Goldie,rgoldiefe@twitpic.com,YP5s0c9346R
556,Alameda,Stothard,astothardff@yolasite.com,u1QuH0
557,Amandi,Betteriss,abetterissfg@ovh.net,CudDZjCWW
558,Janifer,Murgatroyd,jmurgatroydfh@japanpost.jp,fbcdTIOW3ts
559,Lorinda,Boyle,lboylefi@cbslocal.com,6PztttsA
560,Paula,De Bruijn,pdebruijnfj@slate.com,S2ZKrquI5DHS
561,Clea,China,cchinafk@archive.org,T26wsu1V
562,Winthrop,Luce,wlucefl@nifty.com,T8a3dRR
563,Roberto,O'Currane,rocurranefm@slideshare.net,IJLhHI
564,Jan,Greed,jgreedfn@spotify.com,jiIG6u
565,Ted,Tschirschky,ttschirschkyfo@liveinternet.ru,nyAgBP5V
566,Yevette,Bank,ybankfp@sohu.com,KwZUQLU86TM
567,Bella,Peschka,bpeschkafq@marketwatch.com,bt73xNopi
568,Whitaker,Westby,wwestbyfr@umich.edu,TzPwRH1Wx4n
569,Ulick,Stansell,ustansellfs@ucla.edu,xEyKxx
570,Estrella,Writtle,ewrittleft@accuweather.com,BFPtgI39
571,Mortie,Chadwin,mchadwinfu@netscape.com,635Y53
572,Honoria,Pashe,hpashefv@php.net,yocuALKvnjjy
573,Kenton,Slograve,kslogravefw@japanpost.jp,h6uDBm
574,Aurelie,Caird,acairdfx@trellian.com,lSats0bi3cnp
575,Antonino,Broadwood,abroadwoodfy@craigslist.org,Hlb363l1V
576,Horatius,Rableau,hrableaufz@drupal.org,KUjdj8zMpT
577,Saree,Bour,sbourg0@shop-pro.jp,Jf5wHfL
578,Phaedra,Jewks,pjewksg1@de.vu,rTfCZguhuFGj
579,Rachel,Sellors,rsellorsg2@t-online.de,lOfVzs
580,Tandi,Sharpling,tsharplingg3@yolasite.com,9yJTlpH3
581,Ingemar,Doonican,idoonicang4@dagondesign.com,Jt6yxaDGfBL
582,Marsha,Ambridge,mambridgeg5@is.gd,9QEBruR1CEXJ
583,Iorgos,MacGrath,imacgrathg6@washingtonpost.com,R9Y7wsZ5FS
584,Kellsie,MacConneely,kmacconneelyg7@altervista.org,SBXQx94j
585,Portie,Camilli,pcamillig8@wired.com,GcwVlM
586,Kayle,Swepstone,kswepstoneg9@stumbleupon.com,MjR3kZg9iP
587,Diandra,Pechell,dpechellga@indiegogo.com,ArthYgMad
588,Brittany,Karpol,bkarpolgb@cargocollective.com,wRXDfBwHQ15
589,Terri,Digan,tdigangc@jimdo.com,apzN60f7vS
590,Kerianne,Sodor,ksodorgd@blinklist.com,7xskB2Zu01
591,Hanny,Wagge,hwaggege@pcworld.com,S6umRh
592,Jenn,Summergill,jsummergillgf@w3.org,xJBc5JF
593,Caddric,Fardo,cfardogg@google.com.hk,E3hb6gHnz8Yw
594,Constantine,Penright,cpenrightgh@vk.com,znES5xpIU
595,Sashenka,Bradnock,sbradnockgi@google.com,dv24lpL5A9
596,Alexi,Sappy,asappygj@nymag.com,0gud7k40jDo
597,Jacquenette,Boyett,jboyettgk@twitter.com,snuyBXlc
598,Andros,Farnon,afarnongl@google.nl,J6tCvA
599,Lona,Emmatt,lemmattgm@acquirethisname.com,ezoTNBIQn7Tv
600,Rafaellle,Blonden,rblondengn@washington.edu,2CXLS91o03
601,Kynthia,Osgar,kosgargo@google.co.jp,MGTjDA3
602,Anne,Girardey,agirardeygp@twitpic.com,dIYVNg
603,Chrotoem,Huggens,chuggensgq@cnn.com,rjo040afG5lr
604,Gene,Rablin,grablingr@lycos.com,RbnuF0tdYGm
605,Denyse,Palliser,dpallisergs@wikia.com,nRfXsjn
606,Byran,Cockerill,bcockerillgt@jigsy.com,IvGUnAj
607,Camille,Shitliffe,cshitliffegu@usatoday.com,wJFPI45fed0w
608,Fran,Noli,fnoligv@reddit.com,ENY5tPD
609,Conchita,Polfer,cpolfergw@altervista.org,0PvfZc
610,Jodee,Juckes,jjuckesgx@npr.org,PlECWe7wfxNz
611,Denise,Robardey,drobardeygy@sfgate.com,GrJdoG0
612,Heda,Moss,hmossgz@cpanel.net,euUtB3
613,Marris,Drillingcourt,mdrillingcourth0@yellowbook.com,qkf6ydv
614,Christiana,Maskew,cmaskewh1@hugedomains.com,u02hx969jOD
615,Gladi,McGinn,gmcginnh2@netscape.com,k9aToMIwg
616,Lothaire,Vasilyevski,lvasilyevskih3@imgur.com,hAFGMSu2MO
617,Dallon,Beckenham,dbeckenhamh4@tripod.com,nxuyPQBMSZ
618,Herb,Baterip,hbateriph5@timesonline.co.uk,qlUbzo
619,Susette,Snalum,ssnalumh6@indiegogo.com,S8yYGgcHy
620,Aymer,Iston,aistonh7@msn.com,a9vYhFKIunEz
621,Flin,Creany,fcreanyh8@irs.gov,LDFdAXV4572C
622,Raddie,Swainger,rswaingerh9@mapy.cz,9IxwNladu
623,Rodney,Twycross,rtwycrossha@tinypic.com,YhhE35qbT
624,Leann,Dufaire,ldufairehb@bbc.co.uk,WNaPOC0D3V
625,Vinita,Pyrah,vpyrahhc@opensource.org,6XZ6YNE9Sz
626,Johan,Riste,jristehd@constantcontact.com,ajzFWSYIK
627,Arlene,Joire,ajoirehe@mayoclinic.com,QeZYBLmjY5
628,Lenka,Dolley,ldolleyhf@macromedia.com,jKT2qapV1
629,Hetty,Paget,hpagethg@free.fr,9f100WR
630,Johanna,Vondruska,jvondruskahh@umich.edu,lXYqRlMHdz5
631,Auberta,Middler,amiddlerhi@who.int,nsHwOBK
632,Chloe,Jess,cjesshj@wsj.com,VXAn5OQ8fP
633,Nikki,McBrearty,nmcbreartyhk@tinypic.com,JSRpHDKHR
634,Rhys,Dechelle,rdechellehl@sfgate.com,E7i5n5d6e
635,Verina,Peregrine,vperegrinehm@studiopress.com,eg8o9gW7
636,Davida,Deal,ddealhn@time.com,aqmFEqG
637,Leese,Pickrell,lpickrellho@webmd.com,1TY3S8Dec7
638,Steven,Shayes,sshayeshp@huffingtonpost.com,aTYQgTwYLDP
639,Claudio,Aysh,cayshhq@mozilla.org,YWzlUXfLlFD
640,Tracie,Pole,tpolehr@cbslocal.com,LSHU1ti
641,Gwenore,Pritty,gprittyhs@elpais.com,rqPwoT
642,Roch,Lackington,rlackingtonht@sitemeter.com,9JA6iOg5P2
643,Alfonso,Callicott,acallicotthu@timesonline.co.uk,143OVs9IvyPc
644,Vin,Thewys,vthewyshv@deliciousdays.com,AZIaKzsi6
645,Felicity,Arderne,fardernehw@gnu.org,EEdIYizAVLO
646,Aurore,Withringten,awithringtenhx@opensource.org,sVf5h635
647,Adamo,Borthwick,aborthwickhy@so-net.ne.jp,drljscqq1l1
648,Caroline,Iacobetto,ciacobettohz@1und1.de,ZhWmVk
649,Patrice,Worden,pwordeni0@statcounter.com,kH2Yv7PTS
650,Mychal,Prendeguest,mprendeguesti1@pbs.org,cFBbNh8rPe
651,Brigham,Postins,bpostinsi2@bbc.co.uk,WubpS67o5
652,Gaylene,Willford,gwillfordi3@hostgator.com,xIBa3iyppah
653,Kenneth,Sarra,ksarrai4@google.de,uE5dzY3D
654,Sibbie,Pennicard,spennicardi5@elegantthemes.com,SkNeZPt068Q
655,Opalina,Cherrison,ocherrisoni6@dropbox.com,sN7xc8hxVlJ
656,Ruddy,Ackhurst,rackhursti7@guardian.co.uk,Yo89wxc
657,Papageno,Gribble,pgribblei8@netvibes.com,ZganuS6
658,Cherri,Frankham,cfrankhami9@ucsd.edu,cgGaVhYiD27
659,Ryann,Huntress,rhuntressia@ehow.com,hoOqlViWASUE
660,Melisent,Cubin,mcubinib@skype.com,kO9cNRtwV2T
661,Cherilyn,Duffyn,cduffynic@blogs.com,c5w3VYm
662,Ulrich,Swindells,uswindellsid@oracle.com,0SIWPX
663,Hamel,Hilliam,hhilliamie@bloglovin.com,JQl5EY
664,Fredia,Gabits,fgabitsif@miitbeian.gov.cn,0E7x5CV33nn
665,Constantine,Burrus,cburrusig@usnews.com,3cbAq6FB
666,Ozzy,Oliva,oolivaih@prnewswire.com,GRM2w5V4zO
667,Bambie,Kelleher,bkelleherii@pen.io,iclNzClRvzx2
668,Bert,Sturridge,bsturridgeij@chicagotribune.com,Fg7hV3eJiH
669,Alexi,Marcum,amarcumik@arstechnica.com,SbLD62FpWy
670,Mead,Morant,mmorantil@yale.edu,7tOCtfreEgh
671,Cyrus,Iacabucci,ciacabucciim@artisteer.com,MlVLif8ohHq5
672,Chan,Maggi,cmaggiin@blog.com,UeU5CesJYxYQ
673,Samara,Rykert,srykertio@themeforest.net,X0pk0I1yY4o
674,Currie,Scottesmoor,cscottesmoorip@ucla.edu,MSr3tIySV1t
675,Cacilie,Twine,ctwineiq@yahoo.co.jp,BcBfSpp
676,Wait,Atheis,watheisir@google.com.br,H6N9p1tw
677,Romy,Delouch,rdelouchis@theglobeandmail.com,LnYJsc
678,Thorny,Bennie,tbennieit@symantec.com,vhusq5kTLZ3
679,Bevvy,Stockley,bstockleyiu@columbia.edu,kMzcIiz
680,Robinia,Nardrup,rnardrupiv@tinyurl.com,UNYT5fa
681,Talbot,Birley,tbirleyiw@samsung.com,5aZwyMcILH
682,Leena,Stillmann,lstillmannix@slashdot.org,dBBhOxp4RK
683,Aloise,Pankettman,apankettmaniy@goo.ne.jp,j83BlO9
684,Theressa,Gebbe,tgebbeiz@behance.net,aaePtHsg
685,Tim,Sheddan,tsheddanj0@meetup.com,v0Hu1vLHop2U
686,Kellina,O'Dunneen,kodunneenj1@stanford.edu,t8uxKg46iL
687,Alessandro,Casado,acasadoj2@slideshare.net,TUnyvd
688,Jana,Haggidon,jhaggidonj3@sciencedaily.com,0Z3f7Lj
689,Debera,Tinton,dtintonj4@mozilla.com,dCwFJUyBc3
690,Hilda,Turbitt,hturbittj5@facebook.com,Eb8AnwN
691,Dennie,Warry,dwarryj6@pen.io,IHLqjbCX
692,Chris,Winslet,cwinsletj7@elegantthemes.com,hy15Ug4
693,Jemmy,Vedikhov,jvedikhovj8@mtv.com,7BSbe6
694,Christa,Moorerud,cmoorerudj9@msu.edu,exINoT0Ou4Z
695,Tudor,Simpkin,tsimpkinja@hubpages.com,o8sy9T
696,Barnard,Ferber,bferberjb@wufoo.com,xX5RpooTrV
697,Krisha,Christol,kchristoljc@technorati.com,GoEGlN
698,Timofei,Lott,tlottjd@disqus.com,wCghKO15v0l
699,Tessi,Spurdle,tspurdleje@discovery.com,c6U7A56iMWg
700,Eleanor,Shakelady,eshakeladyjf@hibu.com,vSaucfGD3cNi
701,Vonny,Moxley,vmoxleyjg@pen.io,qFYuFz
702,Patricio,O'Driscole,podriscolejh@mashable.com,BNeu9ef46
703,Rozanna,Fabbri,rfabbriji@apple.com,1NZgpKbZ
704,Delmore,Manthorpe,dmanthorpejj@reverbnation.com,8D8CsLm
705,Bill,Kinghorn,bkinghornjk@bloglines.com,j39vsdNizA
706,Deloria,Ivey,diveyjl@narod.ru,5a59W502Ws
707,Janessa,Walley,jwalleyjm@studiopress.com,ZaKZa48
708,Beau,Siaspinski,bsiaspinskijn@yandex.ru,sKoIidgWAeve
709,Sullivan,Lagde,slagdejo@list-manage.com,o18aEhQ
710,Marnia,Drayn,mdraynjp@soundcloud.com,oZLW6tno
711,Kylie,Hentzeler,khentzelerjq@npr.org,yD0BUtjSo
712,Abdul,Tassell,atasselljr@goo.ne.jp,MMhVJDepq
713,Demetris,Murley,dmurleyjs@businessweek.com,cjOQCtKxb
714,Stephenie,Aron,saronjt@theatlantic.com,TE2qT6vxnUyu
715,Catherina,Moehler,cmoehlerju@jimdo.com,T62rUGhkiuY
716,Cissiee,Ilett,cilettjv@google.it,fZx6m5Wgik
717,Ray,Strognell,rstrognelljw@macromedia.com,J5A85o
718,Liana,Daulby,ldaulbyjx@google.co.jp,a2VWDxzxFn
719,Thatcher,Govini,tgovinijy@geocities.jp,SrYMuNcSxC04
720,Pancho,Bickmore,pbickmorejz@wordpress.org,3pHTuc1H2
721,Courtney,Ales0,calesk0@nationalgeographic.com,r1pOnTPdt
722,Ellen,Sakins,esakinsk1@bloglovin.com,KhXZiZiw
723,Chuck,Gumm,cgummk2@msu.edu,KwbW3kXwA
724,Roxanne,Hartell,rhartellk3@goo.gl,zHwU0sDT
725,Othilie,Northridge,onorthridgek4@netscape.com,pLPcVlk3q
726,Celesta,Tebb,ctebbk5@jugem.jp,Wfbpk1UMOl
727,Kiele,Haker,khakerk6@sun.com,zf4U1F
728,Ilka,Haxley,ihaxleyk7@hp.com,xIuTUofds8
729,Toinette,Leblanc,tleblanck8@spiegel.de,8U0xpzxXbr
730,Emilee,Demare,edemarek9@parallels.com,KTe900
731,Auberta,Hansard,ahansardka@shop-pro.jp,UJLe75gXA
732,Toby,Hansed,thansedkb@rediff.com,uafflrE
733,Gilbert,Lintot,glintotkc@hp.com,zK6sqG
734,Pippo,Dafter,pdafterkd@oaic.gov.au,kNO8aUBbJU
735,Gabriell,Laskey,glaskeyke@amazon.co.jp,S1lLTEuZ0sS
736,Sarge,Lugard,slugardkf@webs.com,Wc9IZ0yMNrY
737,Gasparo,Yerborn,gyerbornkg@creativecommons.org,kt0YNstFW6TH
738,Ashil,Hoofe,ahoofekh@hc360.com,4v96QAgxlhPf
739,Rabbi,Eyckel,reyckelki@wired.com,AoVwRT
740,Nissie,Friman,nfrimankj@bloomberg.com,o2QmqWd
741,Misty,Larkings,mlarkingskk@skype.com,hLjHxaiX
742,Elijah,Corby,ecorbykl@biglobe.ne.jp,TjiRJotJsx
743,Martha,Cloy,mcloykm@guardian.co.uk,h7gn7Ei
744,Benny,Azema,bazemakn@accuweather.com,5zZcMxhXbbXT
745,Augie,MacPeice,amacpeiceko@purevolume.com,QjGtWF
746,Gerry,McCome,gmccomekp@google.de,EbBMhQ8QKn
747,Packston,Hills,phillskq@yale.edu,wf6LyNU
748,Jay,Odam,jodamkr@intel.com,j4A1gKSet6
749,Nicolle,Gauge,ngaugeks@cornell.edu,OwieZbwoEiuJ
750,Krissie,Hallen,khallenkt@comsenz.com,bCvG2hz7p
751,Kata,Durie,kdurieku@barnesandnoble.com,5ifOTBNCfca
752,Beitris,Llewelyn,bllewelynkv@netlog.com,ymmIbVA
753,Elnore,Forshaw,eforshawkw@cnn.com,gmI7noL
754,Samara,Jebb,sjebbkx@51.la,kI8zMD
755,Der,Pedrick,dpedrickky@umn.edu,RPk0zyS1SD
756,Alisander,Leipoldt,aleipoldtkz@hao123.com,BqdmrQY
757,Putnam,Abrahart,pabrahartl0@geocities.jp,NiZCzAX
758,Meg,Abramowitch,mabramowitchl1@sciencedaily.com,Zq4T345
759,Cherie,Forsard,cforsardl2@webmd.com,kiVwQdw
760,Dulcinea,Bassett,dbassettl3@lycos.com,Ex0xn8ELQk
761,Emmery,Cashmore,ecashmorel4@com.com,H9VwFl4e
762,Marjorie,Chell,mchelll5@usda.gov,HaWQwGJORD
763,Tedmund,Kedie,tkediel6@fda.gov,8cm8yv
764,Juliana,Wichard,jwichardl7@csmonitor.com,9HG8NEsHaEO
765,Dani,Bladge,dbladgel8@usnews.com,ZAkHQmVkF
766,Donnajean,Carek,dcarekl9@smh.com.au,6AHgryBXO
767,Amos,Paulisch,apaulischla@sciencedaily.com,rutLxgFS
768,Hammad,Baroche,hbarochelb@barnesandnoble.com,pElJA91
769,Zena,Ajam,zajamlc@edublogs.org,CRflcepNG
770,Tracy,Gretham,tgrethamld@census.gov,x7iXFX
771,Drona,Farlane,dfarlanele@timesonline.co.uk,bhvAFp
772,Shaw,Gelder,sgelderlf@guardian.co.uk,G18XbBBx
773,Merola,Payze,mpayzelg@tmall.com,xvMJVLygjlEW
774,Cassie,Instock,cinstocklh@cmu.edu,SlEWVao
775,Frannie,Brooksbie,fbrooksbieli@webs.com,sdddjmpTBXIm
776,Jamie,Bryceson,jbrycesonlj@state.tx.us,eQTkspWjt
777,Piotr,Reynoldson,preynoldsonlk@google.nl,qugLKN9RERC
778,Salaidh,Vinker,svinkerll@squarespace.com,vKo3rU3Akju9
779,Tillie,Risley,trisleylm@meetup.com,lv0NI7
780,Dinnie,Wallage,dwallageln@photobucket.com,JGd9xayWwi
781,Aubrey,Ricard,aricardlo@ucsd.edu,tsBCUrM
782,Martelle,Shingler,mshinglerlp@yahoo.co.jp,VQO9fZeD
783,Andrea,Popescu,apopesculq@google.fr,keS9bcW
784,Deva,Spellar,dspellarlr@earthlink.net,jHmhFXMDq3Tw
785,Vivyanne,Lowthorpe,vlowthorpels@fotki.com,3W6A4buN
786,Adorne,Lapish,alapishlt@uiuc.edu,MzYk9nRI
787,Paddie,Karsh,pkarshlu@bbc.co.uk,2U8cBT7Cvdts
788,Bobinette,Haggar,bhaggarlv@oakley.com,65lquH
789,Gilligan,Pley,gpleylw@nsw.gov.au,RWYk3sSd
790,Paige,Raubenheim,praubenheimlx@google.co.jp,63d1zlvN
791,Gilberta,Fateley,gfateleyly@smh.com.au,BiXBrtUEEtQ
792,Karoline,Coare,kcoarelz@ifeng.com,OO4Cb8nYGX
793,Devonne,Kitchingman,dkitchingmanm0@alexa.com,Enle5dZ0dv
794,Jyoti,Hillhouse,jhillhousem1@bigcartel.com,WUtNY41X1
795,Alonzo,Vinton,avintonm2@technorati.com,iSRsC67iXjo
796,Fields,Toulson,ftoulsonm3@goo.gl,xqpZ1D76pWg
797,Teressa,By,tbym4@histats.com,g4M3fGE
798,Christen,Tobias,ctobiasm5@squarespace.com,gQtCTL7
799,Olivia,Cribbott,ocribbottm6@comsenz.com,9VYhp0PHXvJ
800,Ilene,Yegorchenkov,iyegorchenkovm7@salon.com,mQoOfU
801,Augusto,Wrighton,awrightonm8@businesswire.com,vpR7WpZcyjO
802,Sarah,Lepick,slepickm9@jiathis.com,EkFWlGrHRfv
803,Rosy,O'Grada,rogradama@naver.com,qF44qzt7A
804,Freddie,Rameau,frameaumb@freewebs.com,SQIF0H
805,Land,Steven,lstevenmc@auda.org.au,qqcru0OXi
806,Hannis,Sitford,hsitfordmd@cbslocal.com,swnej5PJ
807,Maurene,Wimpey,mwimpeyme@people.com.cn,NFrZrFC0i
808,Sollie,McClaurie,smcclauriemf@aol.com,F4HZ677UN
809,Onida,De Filippi,odefilippimg@umich.edu,8PcKHsmh7
810,Hermia,Halesworth,hhalesworthmh@bbc.co.uk,dICMu83
811,Lorine,Lovie,lloviemi@businessinsider.com,kLz7rYBlRtct
812,Heather,Dibdin,hdibdinmj@usatoday.com,H4T6mxkvQIh
813,Chaddy,Stanwix,cstanwixmk@blogspot.com,GyZmonlpn6
814,Saloma,Darch,sdarchml@telegraph.co.uk,QNyuLZQl
815,Taddeo,Cumber,tcumbermm@ustream.tv,hRNKFo
816,Archaimbaud,Waddy,awaddymn@sohu.com,ds3meEg0
817,Amalie,Vials,avialsmo@storify.com,zanUdwD61Gu
818,Claudius,Sabati,csabatimp@privacy.gov.au,85z7IX5Ztkt
819,Malanie,Phipp,mphippmq@quantcast.com,CRfs0gx2G2
820,Herman,Eddington,heddingtonmr@macromedia.com,yUUeU0Qh
821,Faydra,Eggleston,fegglestonms@mayoclinic.com,3LIrdOO8sV7
822,Stefan,Bredgeland,sbredgelandmt@google.nl,IBBZ2bn
823,Dalton,Bowler,dbowlermu@joomla.org,cxcMDAvdmjq
824,Mair,Esland,meslandmv@huffingtonpost.com,N1HgMV
825,Valentin,Izzatt,vizzattmw@so-net.ne.jp,zoXqbeSkGH
826,Aurilia,Reith,areithmx@vimeo.com,iR9TUBvRx
827,Stanleigh,Guiraud,sguiraudmy@state.tx.us,oocbVdkNNx
828,Mil,McGlue,mmcgluemz@unc.edu,SkpXh0Er90JA
829,Stanley,Gardener,sgardenern0@yale.edu,y6yhGfSvKL7m
830,Humfrid,Truesdale,htruesdalen1@redcross.org,ntoNRo
831,Blaine,Emson,bemsonn2@mysql.com,71F0t9XJ
832,Camille,Steers,csteersn3@networkadvertising.org,sCVy5L
833,Helen,Le Grys,hlegrysn4@va.gov,UNhxNAzwToON
834,Sylvan,Capey,scapeyn5@reference.com,keBzcH
835,Christy,Monckton,cmoncktonn6@theglobeandmail.com,WdccrOGtiui
836,Tarrah,Fetherby,tfetherbyn7@booking.com,68y96hIv
837,Wenda,Beves,wbevesn8@tripadvisor.com,l9L5uHhfk2
838,Hyman,Pichan,hpichann9@wsj.com,0OLjAMZ90
839,Sayre,Stanyland,sstanylandna@time.com,uABd6h7yl9
840,Waylen,Irving,wirvingnb@ucsd.edu,TlfGu1O3
841,Haleigh,Greggersen,hgreggersennc@deviantart.com,2A3tsqmtH
842,Lacie,Fairweather,lfairweathernd@gravatar.com,Z6GgUa3F4TL
843,Zsa zsa,Conford,zconfordne@mapy.cz,vmE1YGN
844,Lewie,Flecknell,lflecknellnf@pen.io,TqGKwpPQ
845,Rubia,Mouan,rmouanng@csmonitor.com,JKkDXJQ
846,Joye,Cattrall,jcattrallnh@vk.com,bihtMEHnBB7
847,Almeda,Wallage,awallageni@slideshare.net,lgN4raTa
848,Isabel,Curro,icurronj@over-blog.com,0X0rsG6yIp4M
849,Selle,Duckit,sduckitnk@timesonline.co.uk,0eTSUYWssrg8
850,Tab,Blabie,tblabienl@who.int,F6JT8l5KA1v
851,Annette,Baum,abaumnm@abc.net.au,TJg68Jrz
852,Shirlene,Webb-Bowen,swebbbowennn@digg.com,HDLsqSpeRai
853,Jacquelynn,Winder,jwinderno@pcworld.com,vGuspqG
854,Gabriellia,Jozef,gjozefnp@sciencedirect.com,f85YQWcGK50
855,Almeria,Repper,areppernq@xing.com,RSJQCMu
856,Jehanna,Scogings,jscogingsnr@guardian.co.uk,xue5t1D5
857,Carl,MacDonogh,cmacdonoghns@cargocollective.com,DWqqYB
858,Ebony,Villar,evillarnt@so-net.ne.jp,Y0lbBzUE3Y
859,Daryl,Garbar,dgarbarnu@odnoklassniki.ru,3Ao7ay
860,Andre,Salmoni,asalmoninv@soundcloud.com,ZX3eVFy
861,Jillane,Maystone,jmaystonenw@amazon.co.jp,1neT91VQPaZ
862,Wilfrid,Lippard,wlippardnx@tripadvisor.com,eMt0CNfA6
863,Dulcy,Dory,ddoryny@nps.gov,H7WyURWplk0y
864,Lenora,Fernie,lfernienz@disqus.com,zEhsRLc
865,Elbert,Genn,egenno0@jalbum.net,AWgA4rKG2EI9
866,Amalea,Dagnall,adagnallo1@amazon.co.uk,qIKYUmd
867,Tye,Harris,tharriso2@plala.or.jp,eHYUMViQbFO
868,Lora,Flancinbaum,lflancinbaumo3@nydailynews.com,uL957gn
869,Starla,Delves,sdelveso4@lycos.com,NMHrujJCn
870,Kerwinn,Kort,kkorto5@opensource.org,mLjH3W
871,Ginelle,Probert,gproberto6@twitpic.com,uTYNhUkJCoA
872,Roley,Furnival,rfurnivalo7@last.fm,d1HKGCiO
873,Betteanne,Hews,bhewso8@mozilla.com,GjklFgIl4wA
874,Gabrila,Rilton,griltono9@si.edu,lIY3EtF758h
875,Konstantine,Tobias,ktobiasoa@bloglines.com,P8tsNM
876,Carl,Vanns,cvannsob@webmd.com,tYvfHr3TRCVk
877,Lucian,Gallop,lgallopoc@mlb.com,dGP2kliTn
878,Benetta,Porrett,bporrettod@tripod.com,jUKz7Z1
879,Evelina,Brewerton,ebrewertonoe@wiley.com,bNrR7gnx3eDk
880,Alvis,Colcutt,acolcuttof@infoseek.co.jp,IsRTwWI4GB
881,Andrew,Dooney,adooneyog@feedburner.com,nDZcJqv
882,Arly,Soper,asoperoh@desdev.cn,Si1vUTDWc2
883,Elicia,Berzon,eberzonoi@shop-pro.jp,gagYDFB
884,Rhianon,Garfitt,rgarfittoj@buzzfeed.com,siX541jXcl
885,Gael,Sall,gsallok@ovh.net,2HpqVGuTB
886,Vincenty,Otto,vottool@storify.com,bIWvYmnNRS
887,Sax,Crother,scrotherom@fema.gov,4VrQvs6ezQyG
888,Sheba,Zini,szinion@nature.com,ISKW08z
889,Staford,Hemeret,shemeretoo@desdev.cn,i3dGaR
890,Logan,Pestridge,lpestridgeop@slashdot.org,b8Mkt5OU6W
891,Anatola,Mudie,amudieoq@list-manage.com,oQCXFpxx
892,Renato,Watkinson,rwatkinsonor@histats.com,ObjY9dKv8J
893,Patin,Ray,prayos@123-reg.co.uk,WfGrmS8
894,Judie,Trevers,jtreversot@simplemachines.org,J7RD1Ksap
895,Zandra,Benini,zbeniniou@tripadvisor.com,Nx1j2yfKBsho
896,Taddeusz,Lusgdin,tlusgdinov@guardian.co.uk,F6QktmH
897,Elladine,Scampion,escampionow@nasa.gov,6vt2FzowpWEL
898,Archy,Goalley,agoalleyox@hugedomains.com,gn44NT9ploQ
899,Dario,Rome,dromeoy@oaic.gov.au,JPQCKjm4Se
900,Gabriel,Snadden,gsnaddenoz@unblog.fr,nzUWRL6SV
901,Grover,Caccavale,gcaccavalep0@hc360.com,nVmF9l
902,Christie,Adderley,cadderleyp1@wix.com,DQ8M6s8Be
903,Tybi,Siggin,tsigginp2@merriam-webster.com,QN0FmBFIlQo5
904,Lindsy,Mager,lmagerp3@elpais.com,agu22CP
905,Lib,Redmond,lredmondp4@yelp.com,AX1DhMi3HtA
906,Salim,Wingeatt,swingeattp5@ustream.tv,IMYknCfeR0
907,Melodee,Sly,mslyp6@bigcartel.com,wLmFxrE1
908,Larisa,Gorick,lgorickp7@drupal.org,WEuqDil
909,York,Ough,youghp8@cmu.edu,0u2p3vJ
910,Earle,Readmire,ereadmirep9@skype.com,2mliGk
911,Bren,Groocock,bgroocockpa@noaa.gov,pXa0xqv
912,Josepha,Mutter,jmutterpb@friendfeed.com,BGdnbT
913,Helsa,Brettle,hbrettlepc@reddit.com,vDE39y
914,Katharyn,Priter,kpriterpd@washingtonpost.com,AWTHU9niv
915,Jolene,Glide,jglidepe@skype.com,3xJOnB
916,Marinna,Perris,mperrispf@cbc.ca,3XHWJq
917,Malia,Clemmensen,mclemmensenpg@bing.com,mfucR9A
918,Salomon,Davidoff,sdavidoffph@jalbum.net,bLYpjUGLlkMr
919,Cathrin,Fison,cfisonpi@earthlink.net,MNFAdKVGB
920,Eward,Jankiewicz,ejankiewiczpj@facebook.com,2MxntE9O
921,Dallon,Bishopp,dbishopppk@pbs.org,f1s4CQhZ
922,Lydon,Beeswing,lbeeswingpl@gov.uk,AQzi6hO1km
923,Ruthann,Reasun,rreasunpm@biglobe.ne.jp,jb99wnLQEmb
924,Chrystal,Starford,cstarfordpn@statcounter.com,aetYoK
925,Poul,Dressel,pdresselpo@zimbio.com,NNuB3yRy
926,Ephraim,Curson,ecursonpp@webmd.com,SvYdmc
927,Marylin,Thorby,mthorbypq@prnewswire.com,ahGxRQr14uLO
928,Merissa,Piercy,mpiercypr@quantcast.com,2xE6TQ4Urfo
929,Jolynn,Sparhawk,jsparhawkps@omniture.com,0FQgOi
930,Joane,Samms,jsammspt@nationalgeographic.com,XOzCK404
931,Deva,Pomfrey,dpomfreypu@php.net,1Ie9Sf9s26Qe
932,Laura,Heinschke,lheinschkepv@webs.com,HFjU8w5tg5O
933,Misti,Lampens,mlampenspw@theatlantic.com,VG8RrLewc
934,Derry,Bone,dbonepx@youtube.com,ZQlGJgvH5
935,Noel,Godsmark,ngodsmarkpy@yahoo.com,QqAkNk0eFbU
936,Rena,Sivyer,rsivyerpz@bravesites.com,YFBgzMQ4
937,Filberte,Hambribe,fhambribeq0@wired.com,8lJei96Cp
938,Glory,Clayworth,gclayworthq1@pbs.org,tph5JWf5
939,Darnall,Kilfether,dkilfetherq2@technorati.com,GfmwxKBVMb
940,Simona,Flaxman,sflaxmanq3@springer.com,yEuAgW8KRw7v
941,Isaak,MacArd,imacardq4@ox.ac.uk,0fk5qYI
942,Kati,Wilcinskis,kwilcinskisq5@java.com,3xvAN2yhT4vH
943,Una,Suggey,usuggeyq6@dedecms.com,J0GsdpAKx
944,Kirby,Gummary,kgummaryq7@edublogs.org,AuA5xeomWJOk
945,Muhammad,Etheridge,metheridgeq8@posterous.com,mV0VWNTx
946,Phillip,Skewes,pskewesq9@dion.ne.jp,oS1ToJ
947,Marika,Renhard,mrenhardqa@stumbleupon.com,VJqx23ucV
948,Flinn,De Cruze,fdecruzeqb@aboutads.info,k7T3cKfChRB
949,Carla,Holdren,choldrenqc@weather.com,mAdTrJviAQq
950,Gilberte,Widmore,gwidmoreqd@netvibes.com,UsZUMnlC4
951,Devy,Bellord,dbellordqe@google.com.hk,FmgwnCChn
952,Dorian,Ranklin,dranklinqf@blinklist.com,H5ouDy3
953,Meade,Atley,matleyqg@ifeng.com,jF8mMUIo
954,Bo,Hauger,bhaugerqh@technorati.com,Ir7gF4a
955,Rori,Onthank,ronthankqi@posterous.com,3tMqC3
956,Jordon,Fiennes,jfiennesqj@constantcontact.com,MIBIlH
957,Franzen,Matthew,fmatthewqk@ning.com,gIprPcx3QID
958,Peggie,Eldrid,peldridql@joomla.org,XfWUubbYpsU
959,Ceciley,Harbert,charbertqm@google.de,w1NGT04zF
960,Leisha,Douche,ldoucheqn@xinhuanet.com,ndu04Fv
961,Jemmy,MacGillreich,jmacgillreichqo@google.com.br,5qrur2
962,Krissie,Drever,kdreverqp@uol.com.br,euFqsTmDgRF
963,Lenard,MacKee,lmackeeqq@mediafire.com,tKxGJO
964,Mortimer,Nice,mniceqr@hugedomains.com,4TERro
965,Gae,Crayke,gcraykeqs@sfgate.com,H7x6rm3
966,Currie,Stood,cstoodqt@apache.org,jpRzhZk94
967,Brendin,Grima,bgrimaqu@phpbb.com,Xv6dNeufjT
968,Clementia,Harhoff,charhoffqv@soup.io,a9YeWz8
969,Nari,Kegan,nkeganqw@ning.com,Dhs79cX3
970,Beryl,Meran,bmeranqx@alexa.com,X6f2uttR
971,Dedie,Slowly,dslowlyqy@elpais.com,9pXRm1ddK9
972,Mathian,Mucillo,mmucilloqz@cnn.com,WiQ5Rrcozhn
973,Christoffer,Thomerson,cthomersonr0@bloglovin.com,L7QAPIWu9lhu
974,Mikey,Connochie,mconnochier1@fema.gov,Yt0xD4Q4SsO
975,Lezlie,Denton,ldentonr2@nasa.gov,4EEsCEFlTO
976,Keslie,Gwin,kgwinr3@joomla.org,dH4OqDyr9Q
977,Yasmeen,Gofton,ygoftonr4@webeden.co.uk,3nTHZDQ
978,Barnard,Lathy,blathyr5@gov.uk,Gu1jXsIUqRl
979,Ashlee,Biggen,abiggenr6@scribd.com,4hzAmqW9
980,Dniren,Heaney`,dheaneyr7@ebay.com,t0eF2SNX7
981,Merl,Fero,mferor8@people.com.cn,D3PQBR9k9G
982,Odille,Capey,ocapeyr9@smh.com.au,YSByPlXxj
983,Ann,Barwack,abarwackra@washingtonpost.com,NhHPquYZ5Uc
984,Winslow,McLarnon,wmclarnonrb@globo.com,XbgRl9Jkh
985,Franny,Hamstead,fhamsteadrc@ow.ly,oyXNvPgdzah
986,Raddie,Castagneto,rcastagnetord@un.org,X6O53jJ4B6g
987,Cristionna,Lashmar,clashmarre@google.it,Pw2LQBc4
988,Alec,Galiford,agalifordrf@imdb.com,Kru2r7
989,Briano,Huban,bhubanrg@histats.com,NNBxZi
990,Pansie,Breissan,pbreissanrh@barnesandnoble.com,x51O1y0
991,Kelli,FitzGeorge,kfitzgeorgeri@amazon.com,KHhoHCgYwd
992,Amalea,Bartholin,abartholinrj@google.it,XBzrpC
993,Patsy,Dewdeny,pdewdenyrk@webs.com,cDs5R1rn
994,Clayborn,Byneth,cbynethrl@so-net.ne.jp,JXdbndFLl1wq
995,Eadmund,Scrange,escrangerm@ca.gov,rOI9cOSZOv6k
996,Avictor,MacCahey,amaccaheyrn@miitbeian.gov.cn,tsAJdJquf9b
997,Lianna,Michell,lmichellro@mediafire.com,4cejc2MW38sB
998,Dame,Hessenthaler,dhessenthalerrp@shinystat.com,3XhEd8
999,Trenton,Frissell,tfrissellrq@yellowpages.com,ZGmKszwaE3F
1000,Ethan,Trevino,etrevinorr@hhs.gov,Tl2AXswm6GMF
